{"cameraMode":{"drawMode":0,"name":"Shaded","section":"Shading Mode"},"sceneLighting":true,"audioPlay":false,"sceneViewState":{"showFog":true,"showMaterialUpdate":false,"showSkybox":true,"showFlares":true,"showImageEffects":true,"showParticleSystems":true},"in2DMode":false,"pivot":{"x":0.6444088220596314,"y":-0.3139359951019287,"z":8.700618743896485},"rotation":{"x":0.07065802812576294,"y":0.05115962773561478,"z":-0.003632175037637353,"w":0.9961873888969421},"size":5.47296142578125,"orthographic":false}