{"cameraMode":{"drawMode":0,"name":"Shaded","section":"Shading Mode"},"sceneLighting":true,"audioPlay":false,"sceneViewState":{"showFog":true,"showMaterialUpdate":false,"showSkybox":true,"showFlares":true,"showImageEffects":true,"showParticleSystems":true},"in2DMode":false,"pivot":{"x":-0.47816774249076846,"y":1.1286463737487794,"z":0.8517748117446899},"rotation":{"x":-0.0791083499789238,"y":-0.0008740512421354651,"z":-0.000039342616219073534,"w":0.9968838691711426},"size":0.31478387117385867,"orthographic":false}