{"cameraMode":{"drawMode":0,"name":"Shaded","section":"Shading Mode"},"sceneLighting":true,"audioPlay":false,"sceneViewState":{"showFog":true,"showMaterialUpdate":false,"showSkybox":true,"showFlares":true,"showImageEffects":true,"showParticleSystems":true},"in2DMode":false,"pivot":{"x":-0.04634356498718262,"y":1.613881230354309,"z":0.8525655269622803},"rotation":{"x":0.006290322635322809,"y":0.08452450484037399,"z":-0.0005037490627728403,"w":0.9964177012443543},"size":1.8147838115692139,"orthographic":false}