{"cameraMode":{"drawMode":0,"name":"Shaded","section":"Shading Mode"},"sceneLighting":true,"audioPlay":false,"sceneViewState":{"showFog":true,"showMaterialUpdate":false,"showSkybox":true,"showFlares":true,"showImageEffects":true,"showParticleSystems":true},"in2DMode":false,"pivot":{"x":2.989433765411377,"y":-2.0570924282073976,"z":13.647560119628907},"rotation":{"x":-0.11468605697154999,"y":-0.12159320712089539,"z":0.014128369279205799,"w":-0.985844612121582},"size":9.740874290466309,"orthographic":false}