{"cameraMode":{"drawMode":0,"name":"Shaded","section":"Shading Mode"},"sceneLighting":false,"audioPlay":false,"sceneViewState":{"showFog":true,"showMaterialUpdate":false,"showSkybox":false,"showFlares":true,"showImageEffects":true,"showParticleSystems":true},"in2DMode":false,"pivot":{"x":1.100000023841858,"y":1.2999999523162842,"z":2.5},"rotation":{"x":-0.10217658430337906,"y":0.20823347568511964,"z":0.021919457241892816,"w":0.9725034236907959},"size":0.1219363734126091,"orthographic":false}