{"cameraMode":{"drawMode":0,"name":"Shaded","section":"Shading Mode"},"sceneLighting":true,"audioPlay":false,"sceneViewState":{"showFog":true,"showMaterialUpdate":false,"showSkybox":true,"showFlares":true,"showImageEffects":true,"showParticleSystems":true},"in2DMode":false,"pivot":{"x":-0.4222447872161865,"y":2.223905086517334,"z":0.2841746211051941},"rotation":{"x":-0.049169495701789859,"y":0.006616184953600168,"z":0.0003558291064109653,"w":0.9987871646881104},"size":1.2147839069366456,"orthographic":false}